id,nome,cidade
1,Igor Lima,Belo Horizonte
2,Beatriz Lopes,Fortaleza
3,Igor Silva,Salvador
4,Lucas Oliveira,Goiânia
5,Helena Gomes,Campinas
6,Sofia Rodrigues,Florianópolis
7,Isabela Almeida,Rio de Janeiro
8,Felipe Lima,Vitória
9,Leticia Ribeiro,Belo Horizonte
10,Julia Alves,Curitiba
11,Thiago Martins,Salvador
12,Guilherme Ribeiro,Goiânia
13,Sofia Gomes,Manaus
14,Sofia Souza,Florianópolis
15,Isabela Vieira,São Paulo
16,Leticia Souza,Belo Horizonte
17,Carlos Rodrigues,Brasília
18,Igor Pereira,Florianópolis
19,Thiago Silva,Vitória
20,Pedro Costa,Brasília
21,Leticia Lima,São Paulo
22,Sofia Silva,Campinas
23,Mateus Costa,Campinas
24,Igor Pereira,Florianópolis
25,Igor Alves,Vitória
26,Isabela Ferreira,Brasília
27,Sofia Pereira,Salvador
28,Rodrigo Ferreira,Porto Alegre
29,Daniela Carvalho,Brasília
30,Rafaela Santos,Belo Horizonte
31,Mateus Lopes,Vitória
32,Lucas Alves,Recife
33,Leticia Alves,Manaus
34,Thiago Barbosa,Recife
35,Beatriz Gomes,Belo Horizonte
36,Mariana Silva,Salvador
37,Pedro Souza,Goiânia
38,Eduardo Vieira,Brasília
39,Daniela Santos,Porto Alegre
40,Leticia Lima,Curitiba
41,Isabela Pereira,Recife
42,Leticia Silva,Belém
43,Ana Gomes,Campinas
44,Igor Pereira,Goiânia
45,Gabriel Santos,Curitiba
46,Thiago Vieira,Fortaleza
47,Ana Gomes,Brasília
48,Beatriz Souza,Recife
49,Beatriz Lopes,Salvador
50,Beatriz Lima,Manaus
51,Felipe Ribeiro,Goiânia
52,Lucas Carvalho,Salvador
53,Larissa Santos,Porto Alegre
54,Daniela Costa,Salvador
55,Beatriz Ribeiro,Florianópolis
56,Rodrigo Martins,Belo Horizonte
57,Felipe Vieira,Curitiba
58,Rodrigo Ribeiro,Fortaleza
59,Gabriel Almeida,Manaus
60,Amanda Barbosa,Porto Alegre
61,Bruno Gomes,Rio de Janeiro
62,Mariana Alves,Porto Alegre
63,Leticia Barbosa,Salvador
64,Rafaela Vieira,Belém
65,Natan Silva,Goiânia
66,Camila Oliveira,Brasília
67,Bruno Silva,Belo Horizonte
68,Sofia Carvalho,Fortaleza
69,Rodrigo Ferreira,Belo Horizonte
70,Larissa Ferreira,Campinas
71,Felipe Pereira,Belo Horizonte
72,Isabela Almeida,Belo Horizonte
73,Larissa Santos,Belém
74,Igor Santos,São Paulo
75,Mateus Souza,Campinas
76,Camila Ferreira,Curitiba
77,Gabriel Santos,Rio de Janeiro
78,Felipe Lima,Belém
79,Bruno Santos,Recife
80,Beatriz Costa,Belém
81,Beatriz Rodrigues,Curitiba
82,Rafaela Souza,Goiânia
83,Helena Souza,Porto Alegre
84,Igor Ferreira,Porto Alegre
85,Leticia Oliveira,Belo Horizonte
86,Ana Ferreira,Belém
87,Guilherme Lima,Fortaleza
88,Rodrigo Martins,Brasília
89,Amanda Ribeiro,Fortaleza
90,Mateus Oliveira,Belo Horizonte
91,Guilherme Gomes,Salvador
92,Gustavo Santos,Campinas
93,Pedro Carvalho,Brasília
94,Camila Soares,Campinas
95,Eduardo Barbosa,Campinas
96,Guilherme Santos,Porto Alegre
97,Mariana Almeida,Belo Horizonte
98,Gabriel Ribeiro,Goiânia
99,Eduardo Ferreira,Rio de Janeiro
100,Felipe Oliveira,Vitória