id_pedido,cliente_id,valor
1001,3,1388.93
1002,1,1087.65
1003,18,74.95
1004,82,347.78
1005,65,713.88
1006,7,94.27
1007,90,751.77
1008,1,418.91
1009,8,1248.64
1010,70,309.84
1011,10,1261.76
1012,30,83.91
1013,100,1288.63
1014,3,114.71
1015,100,1478.41
1016,13,853.51
1017,17,801.35
1018,62,492.20
1019,45,263.15
1020,4,842.17
1021,50,916.74
1022,97,1250.71
1023,61,902.94
1024,40,73.13
1025,9,963.67
1026,6,1285.34
1027,33,1498.40
1028,8,642.42
1029,91,1413.75
1030,22,238.25
1031,34,813.11
1032,96,876.10
1033,26,984.73
1034,71,1143.76
1035,50,1447.88
1036,49,183.05
1037,20,1199.11
1038,62,946.06
1039,81,1059.04
1040,11,960.91
1041,13,990.22
1042,67,1144.97
1043,92,453.79
1044,23,1240.24
1045,41,619.53
1046,5,372.43
1047,40,1484.58
1048,64,367.65
1049,94,847.60
1050,4,475.29
1051,92,1093.59
1052,24,374.87
1053,30,283.47
1054,61,643.08
1055,42,1268.01
1056,58,1114.73
1057,75,410.60
1058,13,875.56
1059,21,1151.72
1060,90,123.63
1061,74,380.12
1062,71,969.57
1063,20,387.67
1064,22,1292.05
1065,33,702.39
1066,97,422.38
1067,93,98.67
1068,13,842.15
1069,63,607.72
1070,30,865.75
1071,10,1312.28
1072,6,1288.68
1073,61,993.42
1074,12,79.52
1075,19,419.66
1076,82,311.13
1077,88,1413.56
1078,56,1217.47
1079,83,1016.94
1080,48,1185.34
1081,25,1235.40
1082,60,119.86
1083,72,1399.10
1084,81,1032.55
1085,8,485.45
1086,88,719.68
1087,55,1087.64
1088,86,1315.65
1089,41,1262.11
1090,12,852.28
1091,89,1467.54
1092,97,631.95
1093,89,1498.44
1094,36,878.89
1095,95,966.50
1096,5,372.23
1097,84,334.80
1098,82,753.84
1099,9,1184.28
1100,90,1467.33